id,_mean,_stdev,_min,_max
0,134.084433743205153,21.838388181330203,50.000000000000000,255.000000000000000
1,131.063821357824594,34.366621632942866,49.000000000000000,209.000000000000000
2,139.127657061880029,37.958796832529174,50.000000000000000,249.000000000000000
3,129.802098388737221,30.970839331713577,58.000000000000000,217.000000000000000
