id,Średnia,Odchylenie standardowe,Minimum,Maksimum
0,134.084433743205,21.8383881813302,50,255
1,131.063821357825,34.3666216329429,49,209
2,139.12765706188,37.9587968325292,50,249
3,129.802098388737,30.9708393317136,58,217
